segment,path_position_mm,reference_x_mm,reference_y_mm,deformed_x_mm,deformed_y_mm,maximum_principal_stretch
1,0.000000,0.000000,-22.950000,-8.345276,17.551004,2.044896914
1,0.050015,-0.050002,-22.951165,-8.381897,17.549795,2.047656453
1,0.100031,-0.100004,-22.952330,-8.418518,17.548587,2.050415993
1,0.150046,-0.150005,-22.953495,-8.455138,17.547378,2.053175532
1,0.200061,-0.200007,-22.954660,-8.491759,17.546170,2.055935071
1,0.250077,-0.250009,-22.955825,-8.528380,17.544961,2.058694611
1,0.300092,-0.300011,-22.956990,-8.565001,17.543753,2.061454150
1,0.350107,-0.350012,-22.958155,-8.601622,17.542544,2.064213689
1,0.400123,-0.400014,-22.959320,-8.638243,17.541336,2.066973229
1,0.450138,-0.450016,-22.960485,-8.674864,17.540127,2.069732768
1,0.500153,-0.500018,-22.961650,-8.711485,17.538919,2.072492307
1,0.550169,-0.550019,-22.962815,-8.748106,17.537710,2.075251847
1,0.600184,-0.600021,-22.963980,-8.784727,17.536502,2.078011386
1,0.650199,-0.650023,-22.965146,-8.821348,17.535293,2.080770925
1,0.700215,-0.700025,-22.966311,-8.855655,17.538636,2.082706818
1,0.750230,-0.750026,-22.967476,-8.889744,17.542405,2.084565376
1,0.800245,-0.800028,-22.968641,-8.923833,17.546174,2.086423934
1,0.850261,-0.850030,-22.969806,-8.957922,17.549944,2.088282493
1,0.900276,-0.900032,-22.970971,-8.992011,17.553713,2.090141051
1,0.950291,-0.950033,-22.972136,-9.026101,17.557482,2.091999610
1,1.000307,-1.000035,-22.973301,-9.060190,17.561252,2.093858168
1,1.050322,-1.050037,-22.974466,-9.094279,17.565021,2.095716727
1,1.100337,-1.100039,-22.975631,-9.128368,17.568791,2.097575285
1,1.150353,-1.150040,-22.976796,-9.162458,17.572560,2.099433844
1,1.200368,-1.200042,-22.977961,-9.196547,17.576329,2.101292402
1,1.250383,-1.250044,-22.979126,-9.230636,17.580099,2.103150960
1,1.300399,-1.300046,-22.980291,-9.264725,17.583868,2.105009519
1,1.350414,-1.350047,-22.981456,-9.298814,17.587637,2.106868077
1,1.400429,-1.400049,-22.982621,-9.332904,17.591407,2.108726636
1,1.450445,-1.450051,-22.983786,-9.366993,17.595176,2.110585194
1,1.500460,-1.500053,-22.984951,-9.401082,17.598946,2.112443753
1,1.550475,-1.550055,-22.986116,-9.435171,17.602715,2.114302311
1,1.600491,-1.600056,-22.987281,-9.469261,17.606484,2.116160869
1,1.650506,-1.650058,-22.988446,-9.503350,17.610254,2.118019428
1,1.700521,-1.700060,-22.989611,-9.537439,17.614023,2.119877986
1,1.750537,-1.750062,-22.990776,-9.571528,17.617792,2.121736545
1,1.800552,-1.800063,-22.991941,-9.605617,17.621562,2.123595103
1,1.850567,-1.850065,-22.993107,-9.639707,17.625331,2.125453662
1,1.900583,-1.900067,-22.994272,-9.673796,17.629101,2.127312220
1,1.950598,-1.950069,-22.995437,-9.707885,17.632870,2.129170779
1,2.000613,-2.000070,-22.996602,-9.741974,17.636639,2.131029337
1,2.050628,-2.050072,-22.997767,-9.776064,17.640409,2.132887895
1,2.100644,-2.100074,-22.998932,-9.811021,17.636288,2.136737591
1,2.150659,-2.150076,-23.000097,-9.846253,17.629680,2.141214864
1,2.200674,-2.200077,-23.001262,-9.881484,17.623072,2.145692137
1,2.250690,-2.250079,-23.002427,-9.916716,17.616464,2.150169409
1,2.300705,-2.300081,-23.003592,-9.951947,17.609856,2.154646682
1,2.350720,-2.350083,-23.004757,-9.987179,17.603248,2.159123955
1,2.400736,-2.400084,-23.005922,-10.022410,17.596640,2.163601227
1,2.450751,-2.450086,-23.007087,-10.057642,17.590032,2.168078500
1,2.500766,-2.500088,-23.008252,-10.092873,17.583424,2.172555773
1,2.550782,-2.550090,-23.009417,-10.128105,17.576816,2.177033046
1,2.600797,-2.600091,-23.010582,-10.163337,17.570208,2.181510318
1,2.650812,-2.650093,-23.011747,-10.198568,17.563600,2.185987591
1,2.700828,-2.700095,-23.012912,-10.233800,17.556992,2.190464864
1,2.750843,-2.750097,-23.014077,-10.269031,17.550384,2.194942136
1,2.800858,-2.800098,-23.015242,-10.304263,17.543776,2.199419409
1,2.850874,-2.850100,-23.016407,-10.339494,17.537168,2.203896682
1,2.900889,-2.900102,-23.017572,-10.374726,17.530560,2.208373954
1,2.950904,-2.950104,-23.018737,-10.409957,17.523952,2.212851227
1,3.000920,-3.000105,-23.019902,-10.445189,17.517344,2.217328500
1,3.050935,-3.050107,-23.021067,-10.480420,17.510736,2.221805773
1,3.100950,-3.100109,-23.022233,-10.515652,17.504128,2.226283045
1,3.150966,-3.150111,-23.023398,-10.550883,17.497520,2.230760318
1,3.200981,-3.200113,-23.024563,-10.586115,17.490912,2.235237591
1,3.250996,-3.250114,-23.025728,-10.621346,17.484304,2.239714863
1,3.301012,-3.300116,-23.026893,-10.656578,17.477696,2.244192136
1,3.351027,-3.350118,-23.028058,-10.691809,17.471088,2.248669409
1,3.401042,-3.400120,-23.029223,-10.727041,17.464480,2.253146681
1,3.451058,-3.450121,-23.030388,-10.762272,17.457872,2.257623954
1,3.501073,-3.500123,-23.031553,-10.797504,17.451264,2.262101227
1,3.551088,-3.550125,-23.032718,-10.832735,17.444656,2.266578500
1,3.601104,-3.600127,-23.033883,-10.867967,17.438048,2.271055772
1,3.651119,-3.650128,-23.035048,-10.903198,17.431440,2.275533045
1,3.701134,-3.700130,-23.036213,-10.938430,17.424832,2.280010318
1,3.751150,-3.750132,-23.037378,-10.973661,17.418224,2.284487590
1,3.801165,-3.800134,-23.038543,-11.008893,17.411616,2.288964863
1,3.851180,-3.850135,-23.039708,-11.044125,17.405008,2.293442136
1,3.901196,-3.900137,-23.040873,-11.079356,17.398400,2.297919409
1,3.951211,-3.950139,-23.042038,-11.115084,17.389751,2.300928019
1,4.001226,-4.000141,-23.043203,-11.150925,17.380637,2.303602690
2,23.957343,-23.950842,-23.508055,-24.185147,23.696834,1.953098023
2,24.007358,-24.000844,-23.509220,-24.219876,23.713664,1.948530525
2,24.057373,-24.050846,-23.510385,-24.254605,23.730493,1.943963028
2,24.107389,-24.100847,-23.511550,-24.289333,23.747323,1.939395530
2,24.157404,-24.150849,-23.512715,-24.324062,23.764153,1.934828032
2,24.207419,-24.200851,-23.513880,-24.358790,23.780982,1.930260535
2,24.257435,-24.250853,-23.515045,-24.393519,23.797812,1.925693037
2,24.307450,-24.300854,-23.516210,-24.428248,23.814642,1.921125540
2,24.357465,-24.350856,-23.517375,-24.462976,23.831471,1.916558042
2,24.407481,-24.400858,-23.518540,-24.497705,23.848301,1.911990545
2,24.457496,-24.450860,-23.519705,-24.532433,23.865131,1.907423047
2,24.507511,-24.500861,-23.520870,-24.567162,23.881960,1.902855549
2,24.557527,-24.550863,-23.522035,-24.602194,23.897306,1.898323323
2,24.607542,-24.600865,-23.523200,-24.640222,23.898016,1.894138887
2,24.657557,-24.650867,-23.524365,-24.678249,23.898726,1.889954451
2,24.707573,-24.700869,-23.525530,-24.716276,23.899437,1.885770014
2,24.757588,-24.750870,-23.526695,-24.754303,23.900147,1.881585578
2,24.807603,-24.800872,-23.527860,-24.792330,23.900857,1.877401142
2,24.857619,-24.850874,-23.529025,-24.830357,23.901567,1.873216705
2,24.907634,-24.900876,-23.530190,-24.868384,23.902278,1.869032269
2,24.957649,-24.950877,-23.531355,-24.906412,23.902988,1.864847833
2,25.007665,-25.000879,-23.532520,-24.944439,23.903698,1.860663396
2,25.057680,-25.050881,-23.533686,-24.982466,23.904409,1.856478960
2,25.107695,-25.100883,-23.534851,-25.020493,23.905119,1.852294524
2,25.157710,-25.150884,-23.536016,-25.058520,23.905829,1.848110087
2,25.207726,-25.200886,-23.537181,-25.096547,23.906540,1.843925651
2,25.257741,-25.250888,-23.538346,-25.134574,23.907250,1.839741215
2,25.307756,-25.300890,-23.539511,-25.172602,23.907960,1.835556778
2,25.357772,-25.350891,-23.540676,-25.210629,23.908670,1.831372342
2,25.407787,-25.400893,-23.541841,-25.248656,23.909381,1.827187906
2,25.457802,-25.450895,-23.543006,-25.286683,23.910091,1.823003469
2,25.507818,-25.500897,-23.544171,-25.324710,23.910801,1.818819033
2,25.557833,-25.550898,-23.545336,-25.362737,23.911512,1.814634597
2,25.607848,-25.600900,-23.546501,-25.400764,23.912222,1.810450160
2,25.657864,-25.650902,-23.547666,-25.438792,23.912932,1.806265724
2,25.707879,-25.700904,-23.548831,-25.476819,23.913643,1.802081288
2,25.757894,-25.750905,-23.549996,-25.514846,23.914353,1.797896851
2,25.807910,-25.800907,-23.551161,-25.552873,23.915063,1.793712415
2,25.857925,-25.850909,-23.552326,-25.590765,23.920471,1.789701323
2,25.907940,-25.900911,-23.553491,-25.628216,23.941249,1.786257357
2,25.957956,-25.950912,-23.554656,-25.665667,23.962026,1.782813391
2,26.007971,-26.000914,-23.555821,-25.703118,23.982803,1.779369425
2,26.057986,-26.050916,-23.556986,-25.740569,24.003581,1.775925458
2,26.108002,-26.100918,-23.558151,-25.778020,24.024358,1.772481492
2,26.158017,-26.150920,-23.559316,-25.815471,24.045135,1.769037526
2,26.208032,-26.200921,-23.560481,-25.852922,24.065913,1.765593560
2,26.258048,-26.250923,-23.561647,-25.890373,24.086690,1.762149593
2,26.308063,-26.300925,-23.562812,-25.927824,24.107468,1.758705627
2,26.358078,-26.350927,-23.563977,-25.965275,24.128245,1.755261661
2,26.408094,-26.400928,-23.565142,-26.002726,24.149022,1.751817695
2,26.458109,-26.450930,-23.566307,-26.040177,24.169800,1.748373729
2,26.508124,-26.500932,-23.567472,-26.077628,24.190577,1.744929762
2,26.558140,-26.550934,-23.568637,-26.115079,24.211355,1.741485796
2,26.608155,-26.600935,-23.569802,-26.152530,24.232132,1.738041830
2,26.658170,-26.650937,-23.570967,-26.189981,24.252909,1.734597864
2,26.708186,-26.700939,-23.572132,-26.227432,24.273687,1.731153897
2,26.758201,-26.750941,-23.573297,-26.264883,24.294464,1.727709931
2,26.808216,-26.800942,-23.574462,-26.302333,24.315241,1.724265965
2,26.858232,-26.850944,-23.575627,-26.339784,24.336019,1.720821999
2,26.908247,-26.900946,-23.576792,-26.377235,24.356796,1.717378033
2,26.958262,-26.950948,-23.577957,-26.414686,24.377574,1.713934066
2,27.008278,-27.000949,-23.579122,-26.452137,24.398351,1.710490100
2,27.058293,-27.050951,-23.580287,-26.489588,24.419128,1.707046134
2,27.108308,-27.100953,-23.581452,-26.527039,24.439906,1.703602168
2,27.158324,-27.150955,-23.582617,-26.564490,24.460683,1.700158201
2,27.208339,-27.200956,-23.583782,-26.601941,24.481460,1.696714235
2,27.258354,-27.250958,-23.584947,-26.639392,24.502238,1.693270269
2,27.308370,-27.300960,-23.586112,-26.677098,24.522191,1.689725566
2,27.358385,-27.350962,-23.587277,-26.717197,24.534418,1.685236450
2,27.408400,-27.400963,-23.588442,-26.757296,24.546644,1.680747335
2,27.458416,-27.450965,-23.589607,-26.797395,24.558871,1.676258219
2,27.508431,-27.500967,-23.590773,-26.837494,24.571098,1.671769104
2,27.558446,-27.550969,-23.591938,-26.877593,24.583324,1.667279988
2,27.608462,-27.600970,-23.593103,-26.917691,24.595551,1.662790872
2,27.658477,-27.650972,-23.594268,-26.957790,24.607778,1.658301757
2,27.708492,-27.700974,-23.595433,-26.997889,24.620004,1.653812641
2,27.758508,-27.750976,-23.596598,-27.037988,24.632231,1.649323525
2,27.808523,-27.800978,-23.597763,-27.078087,24.644458,1.644834410
2,27.858538,-27.850979,-23.598928,-27.118195,24.656814,1.640326054
2,27.908554,-27.900981,-23.600093,-27.159154,24.681114,1.634047544
2,27.958569,-27.950983,-23.601258,-27.200113,24.705413,1.627769033
2,28.008584,-28.000985,-23.602423,-27.241072,24.729712,1.621490523
2,28.058600,-28.050986,-23.603588,-27.282031,24.754011,1.615212013
2,28.108615,-28.100988,-23.604753,-27.322990,24.778311,1.608933503
2,28.158630,-28.150990,-23.605918,-27.363949,24.802610,1.602654993
2,28.208646,-28.200992,-23.607083,-27.404908,24.826909,1.596376483
2,28.258661,-28.250993,-23.608248,-27.445866,24.851209,1.590097973
2,28.308676,-28.300995,-23.609413,-27.486825,24.875508,1.583819463
2,28.358692,-28.350997,-23.610578,-27.527784,24.899807,1.577540953
2,28.408707,-28.400999,-23.611743,-27.568743,24.924107,1.571262443
2,28.458722,-28.451000,-23.612908,-27.609702,24.948406,1.564983933
2,28.508738,-28.501002,-23.614073,-27.650661,24.972705,1.558705423
2,28.558753,-28.551004,-23.615238,-27.691620,24.997004,1.552426913
2,28.608768,-28.601006,-23.616403,-27.732579,25.021304,1.546148403
2,28.658784,-28.651007,-23.617568,-27.773538,25.045603,1.539869893
2,28.708799,-28.701009,-23.618734,-27.814497,25.069902,1.533591383
2,28.758814,-28.751011,-23.619899,-27.855456,25.094202,1.527312873
2,28.808830,-28.801013,-23.621064,-27.896415,25.118501,1.521034363
2,28.858845,-28.851014,-23.622229,-27.937374,25.142800,1.514755853
2,28.908860,-28.901016,-23.623394,-27.978333,25.167100,1.508477343
2,28.958876,-28.951018,-23.624559,-28.019292,25.191399,1.502198833
2,29.008891,-29.001020,-23.625724,-28.060250,25.215698,1.495920323
2,29.058906,-29.051021,-23.626889,-28.103969,25.229513,1.491561542
2,29.108921,-29.101023,-23.628054,-28.148490,25.240280,1.487760709
2,29.158937,-29.151025,-23.629219,-28.193012,25.251048,1.483959875
2,29.208952,-29.201027,-23.630384,-28.237533,25.261815,1.480159042
2,29.258967,-29.251029,-23.631549,-28.282054,25.272583,1.476358208
2,29.308983,-29.301030,-23.632714,-28.326575,25.283350,1.472557375
2,29.358998,-29.351032,-23.633879,-28.371096,25.294117,1.468756542
2,29.409013,-29.401034,-23.635044,-28.415617,25.304885,1.464955708
2,29.459029,-29.451036,-23.636209,-28.460138,25.315652,1.461154875
2,29.509044,-29.501037,-23.637374,-28.504659,25.326420,1.457354041
2,29.559059,-29.551039,-23.638539,-28.549181,25.337187,1.453553208
2,29.609075,-29.601041,-23.639704,-28.593702,25.347955,1.449752375
2,29.659090,-29.651043,-23.640869,-28.638223,25.358722,1.445951541
2,29.709105,-29.701044,-23.642034,-28.682744,25.369489,1.442150708
2,29.759121,-29.751046,-23.643199,-28.727265,25.380257,1.438349875
2,29.809136,-29.801048,-23.644364,-28.771786,25.391024,1.434549041
2,29.859151,-29.851050,-23.645529,-28.816307,25.401792,1.430748208
2,29.909167,-29.901051,-23.646694,-28.860828,25.412559,1.426947374
2,29.959182,-29.951053,-23.647860,-28.905349,25.423327,1.423146541
2,30.009197,-30.001055,-23.649025,-28.949871,25.434094,1.419345708
2,30.059213,-30.051057,-23.650190,-28.994392,25.444861,1.415544874
2,30.109228,-30.101058,-23.651355,-29.039760,25.460183,1.411705749
2,30.159243,-30.151060,-23.652520,-29.085922,25.479774,1.407830729
2,30.209259,-30.201062,-23.653685,-29.132084,25.499365,1.403955710
2,30.259274,-30.251064,-23.654850,-29.178247,25.518956,1.400080691
2,30.309289,-30.301065,-23.656015,-29.224409,25.538547,1.396205672
2,30.359305,-30.351067,-23.657180,-29.270571,25.558138,1.392330652
2,30.409320,-30.401069,-23.658345,-29.316734,25.577729,1.388455633
2,30.459335,-30.451071,-23.659510,-29.362896,25.597320,1.384580614
2,30.509351,-30.501072,-23.660675,-29.409058,25.616911,1.380705595
2,30.559366,-30.551074,-23.661840,-29.455220,25.636501,1.376830575
2,30.609381,-30.601076,-23.663005,-29.501383,25.656092,1.372955556
2,30.659397,-30.651078,-23.664170,-29.547545,25.675683,1.369080537
2,30.709412,-30.701079,-23.665335,-29.593707,25.695274,1.365205517
2,30.759427,-30.751081,-23.666500,-29.639870,25.714865,1.361330498
2,30.809443,-30.801083,-23.667665,-29.686032,25.734456,1.357455479
2,30.859458,-30.851085,-23.668830,-29.732194,25.754047,1.353580460
2,30.909473,-30.901087,-23.669995,-29.778356,25.773638,1.349705440
2,30.959489,-30.951088,-23.671160,-29.824519,25.793229,1.345830421
2,31.009504,-31.001090,-23.672325,-29.870681,25.812820,1.341955402
2,31.059519,-31.051092,-23.673490,-29.916843,25.832410,1.338080383
2,31.109535,-31.101094,-23.674655,-29.963006,25.852001,1.334205363
2,31.159550,-31.151095,-23.675821,-30.009168,25.871592,1.330330344
2,31.209565,-31.201097,-23.676986,-30.055330,25.891183,1.326455325
2,31.259581,-31.251099,-23.678151,-30.101492,25.910774,1.322580305
2,31.309596,-31.301101,-23.679316,-30.147655,25.930365,1.318705286
2,31.359611,-31.351102,-23.680481,-30.194635,25.946486,1.315701547
2,31.409627,-31.401104,-23.681646,-30.242354,25.959479,1.313483549
2,31.459642,-31.451106,-23.682811,-30.290072,25.972471,1.311265551
2,31.509657,-31.501108,-23.683976,-30.337790,25.985463,1.309047552
2,31.559673,-31.551109,-23.685141,-30.385509,25.998456,1.306829554
2,31.609688,-31.601111,-23.686306,-30.433227,26.011448,1.304611556
2,31.659703,-31.651113,-23.687471,-30.480946,26.024441,1.302393557
2,31.709719,-31.701115,-23.688636,-30.528664,26.037433,1.300175559
2,31.759734,-31.751116,-23.689801,-30.576383,26.050425,1.297957561
2,31.809749,-31.801118,-23.690966,-30.624101,26.063418,1.295739562
2,31.859765,-31.851120,-23.692131,-30.671819,26.076410,1.293521564
2,31.909780,-31.901122,-23.693296,-30.719538,26.089402,1.291303566
2,31.959795,-31.951123,-23.694461,-30.767256,26.102395,1.289085567
2,32.009811,-32.001125,-23.695626,-30.814975,26.115387,1.286867569
2,32.059826,-32.051127,-23.696791,-30.862693,26.128379,1.284649571
2,32.109841,-32.101129,-23.697956,-30.910411,26.141372,1.282431572
2,32.159857,-32.151130,-23.699121,-30.958130,26.154364,1.280213574
2,32.209872,-32.201132,-23.700286,-31.005848,26.167357,1.277995576
2,32.259887,-32.251134,-23.701451,-31.053324,26.180271,1.275769270
2,32.309903,-32.301136,-23.702616,-31.100377,26.193048,1.273528475
2,32.359918,-32.351138,-23.703782,-31.147430,26.205825,1.271287679
2,32.409933,-32.401139,-23.704947,-31.194484,26.218602,1.269046884
2,32.459949,-32.451141,-23.706112,-31.241537,26.231380,1.266806089
2,32.509964,-32.501143,-23.707277,-31.288590,26.244157,1.264565294
2,32.559979,-32.551145,-23.708442,-31.335643,26.256934,1.262324499
2,32.609995,-32.601146,-23.709607,-31.382696,26.269712,1.260083704
2,32.660010,-32.651148,-23.710772,-31.429749,26.282489,1.257842908
2,32.710025,-32.701150,-23.711937,-31.476802,26.295266,1.255602113
2,32.760041,-32.751152,-23.713102,-31.523855,26.308044,1.253361318
2,32.810056,-32.801153,-23.714267,-31.570908,26.320821,1.251120523
2,32.860071,-32.851155,-23.715432,-31.617961,26.333598,1.248879728
2,32.910086,-32.901157,-23.716597,-31.665015,26.346376,1.246638932
2,32.960102,-32.951159,-23.717762,-31.712068,26.359153,1.244398137
2,33.010117,-33.001160,-23.718927,-31.759121,26.371930,1.242157342
2,33.060132,-33.051162,-23.720092,-31.806174,26.384707,1.239916547
2,33.110148,-33.101164,-23.721257,-31.853227,26.397485,1.237675752
2,33.160163,-33.151166,-23.722422,-31.900280,26.410262,1.235434957
2,33.210178,-33.201167,-23.723587,-31.947333,26.423039,1.233194161
2,33.260194,-33.251169,-23.724752,-31.994386,26.435817,1.230953366
2,33.310209,-33.301171,-23.725917,-32.041439,26.448594,1.228712571
2,33.360224,-33.351173,-23.727082,-32.088492,26.461371,1.226471776
2,33.410240,-33.401174,-23.728247,-32.136045,26.471819,1.224859673
2,33.460255,-33.451176,-23.729412,-32.184139,26.479742,1.223929314
2,33.510270,-33.501178,-23.730577,-32.232233,26.487664,1.222998955
2,33.560286,-33.551180,-23.731742,-32.280327,26.495587,1.222068597
2,33.610301,-33.601181,-23.732908,-32.328421,26.503509,1.221138238
2,33.660316,-33.651183,-23.734073,-32.376514,26.511432,1.220207879
2,33.710332,-33.701185,-23.735238,-32.424608,26.519354,1.219277520
2,33.760347,-33.751187,-23.736403,-32.472702,26.527277,1.218347161
2,33.810362,-33.801188,-23.737568,-32.520796,26.535199,1.217416802
2,33.860378,-33.851190,-23.738733,-32.568890,26.543122,1.216486443
2,33.910393,-33.901192,-23.739898,-32.616984,26.551044,1.215556084
2,33.960408,-33.951194,-23.741063,-32.665078,26.558967,1.214625725
2,34.010424,-34.001196,-23.742228,-32.713172,26.566889,1.213695366
2,34.060439,-34.051197,-23.743393,-32.761266,26.574812,1.212765007
2,34.110454,-34.101199,-23.744558,-32.809360,26.582734,1.211834648
2,34.160470,-34.151201,-23.745723,-32.857454,26.590656,1.210904289
2,34.210485,-34.201203,-23.746888,-32.906195,26.600448,1.209606632
2,34.260500,-34.251204,-23.748053,-32.955364,26.611472,1.208066712
2,34.310516,-34.301206,-23.749218,-33.004533,26.622495,1.206526793
2,34.360531,-34.351208,-23.750383,-33.053702,26.633519,1.204986873
2,34.410546,-34.401210,-23.751548,-33.102871,26.644543,1.203446954
2,34.460562,-34.451211,-23.752713,-33.152040,26.655567,1.201907034
2,34.510577,-34.501213,-23.753878,-33.201209,26.666591,1.200367114
2,34.560592,-34.551215,-23.755043,-33.250378,26.677615,1.198827195
2,34.610608,-34.601217,-23.756208,-33.299546,26.688639,1.197287275
2,34.660623,-34.651218,-23.757373,-33.348715,26.699663,1.195747355
2,34.710638,-34.701220,-23.758538,-33.397884,26.710686,1.194207436
2,34.760654,-34.751222,-23.759703,-33.447053,26.721710,1.192667516
2,34.810669,-34.801224,-23.760869,-33.496222,26.732734,1.191127597
2,34.860684,-34.851225,-23.762034,-33.545391,26.743758,1.189587677
2,34.910700,-34.901227,-23.763199,-33.594560,26.754782,1.188047757
2,34.960715,-34.951229,-23.764364,-33.643729,26.765806,1.186507838
2,35.010730,-35.001231,-23.765529,-33.692898,26.776830,1.184967918
2,35.060746,-35.051232,-23.766694,-33.742067,26.787854,1.183427998
2,35.110761,-35.101234,-23.767859,-33.791236,26.798878,1.181888079
2,35.160776,-35.151236,-23.769024,-33.840405,26.809901,1.180348159
2,35.210792,-35.201238,-23.770189,-33.889573,26.820925,1.178808239
2,35.260807,-35.251239,-23.771354,-33.938742,26.831949,1.177268320
2,35.310822,-35.301241,-23.772519,-33.987911,26.842973,1.175728400
2,35.360838,-35.351243,-23.773684,-34.036545,26.854211,1.174271176
2,35.410853,-35.401245,-23.774849,-34.083674,26.866052,1.173046483
2,35.460868,-35.451247,-23.776014,-34.130802,26.877893,1.171821790
2,35.510884,-35.501248,-23.777179,-34.177931,26.889733,1.170597098
2,35.560899,-35.551250,-23.778344,-34.225060,26.901574,1.169372405
2,35.610914,-35.601252,-23.779509,-34.272188,26.913414,1.168147712
2,35.660930,-35.651254,-23.780674,-34.319317,26.925255,1.166923019
2,35.710945,-35.701255,-23.781839,-34.366445,26.937096,1.165698326
2,35.760960,-35.751257,-23.783004,-34.413574,26.948936,1.164473633
2,35.810976,-35.801259,-23.784169,-34.460703,26.960777,1.163248940
2,35.860991,-35.851261,-23.785334,-34.507831,26.972618,1.162024247
2,35.911006,-35.901262,-23.786499,-34.554960,26.984458,1.160799554
2,35.961022,-35.951264,-23.787664,-34.602089,26.996299,1.159574861
2,36.011037,-36.001266,-23.788829,-34.649217,27.008140,1.158350168
2,36.061052,-36.051268,-23.789995,-34.696590,27.015546,1.157183131
2,36.111068,-36.101269,-23.791160,-34.744063,27.021138,1.156039692
2,36.161083,-36.151271,-23.792325,-34.791536,27.026730,1.154896253
2,36.211098,-36.201273,-23.793490,-34.839009,27.032322,1.153752815
2,36.261114,-36.251275,-23.794655,-34.886482,27.037913,1.152609376
2,36.311129,-36.301276,-23.795820,-34.933955,27.043505,1.151465937
2,36.361144,-36.351278,-23.796985,-34.981427,27.049097,1.150322499
2,36.411160,-36.401280,-23.798150,-35.028900,27.054689,1.149179060
2,36.461175,-36.451282,-23.799315,-35.076373,27.060280,1.148035621
2,36.511190,-36.501283,-23.800480,-35.123846,27.065872,1.146892182
2,36.561206,-36.551285,-23.801645,-35.171319,27.071464,1.145748744
2,36.611221,-36.601287,-23.802810,-35.218792,27.077056,1.144605305
2,36.661236,-36.651289,-23.803975,-35.266265,27.082647,1.143461866
2,36.711252,-36.701290,-23.805140,-35.313738,27.088239,1.142318428
2,36.761267,-36.751292,-23.806305,-35.361210,27.093831,1.141174989
2,36.811282,-36.801294,-23.807470,-35.408683,27.099423,1.140031550
2,36.861297,-36.851296,-23.808635,-35.456156,27.105014,1.138888111
2,36.911313,-36.901298,-23.809800,-35.505589,27.113014,1.137971776
2,36.961328,-36.951299,-23.810965,-35.555377,27.121452,1.137096680
2,37.011343,-37.001301,-23.812130,-35.605166,27.129889,1.136221585
2,37.061359,-37.051303,-23.813295,-35.654955,27.138327,1.135346489
2,37.111374,-37.101305,-23.814460,-35.704743,27.146764,1.134471393
2,37.161389,-37.151306,-23.815625,-35.754532,27.155202,1.133596298
2,37.211405,-37.201308,-23.816790,-35.804321,27.163639,1.132721202
2,37.261420,-37.251310,-23.817956,-35.854109,27.172077,1.131846107
2,37.311435,-37.301312,-23.819121,-35.903898,27.180514,1.130971011
2,37.361451,-37.351313,-23.820286,-35.953686,27.188952,1.130095915
2,37.411466,-37.401315,-23.821451,-36.003475,27.197389,1.129220820
2,37.461481,-37.451317,-23.822616,-36.053264,27.205827,1.128345724
2,37.511497,-37.501319,-23.823781,-36.103052,27.214264,1.127470628
2,37.561512,-37.551320,-23.824946,-36.152841,27.222702,1.126595533
2,37.611527,-37.601322,-23.826111,-36.202629,27.231139,1.125720437
2,37.661543,-37.651324,-23.827276,-36.252418,27.239576,1.124845342
2,37.711558,-37.701326,-23.828441,-36.302207,27.248014,1.123970246
2,37.761573,-37.751327,-23.829606,-36.351995,27.256451,1.123095150
2,37.811589,-37.801329,-23.830771,-36.401784,27.264889,1.122220055
2,37.861604,-37.851331,-23.831936,-36.451573,27.273326,1.121344959
3,57.017475,-57.002004,-24.278147,-50.133452,8.836307,2.423661054
3,57.067490,-57.052006,-24.279312,-50.168951,8.861794,2.421688891
3,57.117506,-57.102008,-24.280477,-50.204450,8.887282,2.419716728
3,57.167521,-57.152010,-24.281642,-50.239949,8.912770,2.417744565
3,57.217536,-57.202011,-24.282807,-50.275449,8.938258,2.415772402
3,57.267552,-57.252013,-24.283972,-50.310948,8.963746,2.413800239
3,57.317567,-57.302015,-24.285137,-50.346447,8.989234,2.411828076
3,57.367582,-57.352017,-24.286302,-50.381946,9.014722,2.409855913
3,57.417598,-57.402018,-24.287467,-50.417445,9.040210,2.407883750
3,57.467613,-57.452020,-24.288632,-50.452944,9.065698,2.405911587
3,57.517628,-57.502022,-24.289797,-50.488443,9.091186,2.403939424
3,57.567644,-57.552024,-24.290962,-50.523942,9.116674,2.401967261
3,57.617659,-57.602025,-24.292127,-50.559441,9.142162,2.399995098
3,57.667674,-57.652027,-24.293292,-50.594940,9.167650,2.398022935
3,57.717690,-57.702029,-24.294457,-50.630439,9.193138,2.396050772
3,57.767705,-57.752031,-24.295622,-50.665938,9.218626,2.394078609
3,57.817720,-57.802032,-24.296787,-50.702113,9.234898,2.390548370
3,57.867736,-57.852034,-24.297952,-50.738603,9.246871,2.386291378
3,57.917751,-57.902036,-24.299117,-50.775093,9.258844,2.382034387
3,57.967766,-57.952038,-24.300282,-50.811583,9.270817,2.377777396
3,58.017782,-58.002039,-24.301448,-50.848074,9.282790,2.373520404
3,58.067797,-58.052041,-24.302613,-50.884564,9.294763,2.369263413
3,58.117812,-58.102043,-24.303778,-50.921054,9.306736,2.365006422
3,58.167828,-58.152045,-24.304943,-50.957544,9.318709,2.360749430
3,58.217843,-58.202046,-24.306108,-50.994034,9.330682,2.356492439
3,58.267858,-58.252048,-24.307273,-51.030524,9.342655,2.352235448
3,58.317874,-58.302050,-24.308438,-51.067014,9.354628,2.347978456
3,58.367889,-58.352052,-24.309603,-51.103505,9.366601,2.343721465
3,58.417904,-58.402054,-24.310768,-51.139995,9.378574,2.339464474
3,58.467920,-58.452055,-24.311933,-51.176485,9.390547,2.335207482
3,58.517935,-58.502057,-24.313098,-51.212975,9.402520,2.330950491
3,58.567950,-58.552059,-24.314263,-51.249465,9.414493,2.326693500
3,58.617966,-58.602061,-24.315428,-51.285955,9.426466,2.322436508
3,58.667981,-58.652062,-24.316593,-51.322445,9.438440,2.318179517
3,58.717996,-58.702064,-24.317758,-51.358936,9.450413,2.313922526
3,58.768012,-58.752066,-24.318923,-51.395426,9.462386,2.309665534
3,58.818027,-58.802068,-24.320088,-51.431916,9.474359,2.305408543
3,58.868042,-58.852069,-24.321253,-51.468406,9.486332,2.301151552
3,58.918058,-58.902071,-24.322418,-51.503309,9.490484,2.295648115
3,58.968073,-58.952073,-24.323583,-51.537770,9.492461,2.289797996
3,59.018088,-59.002075,-24.324748,-51.572232,9.494439,2.283947878
3,59.068104,-59.052076,-24.325913,-51.606693,9.496416,2.278097759
3,59.118119,-59.102078,-24.327078,-51.641155,9.498393,2.272247640
3,59.168134,-59.152080,-24.328243,-51.675616,9.500371,2.266397521
3,59.218150,-59.202082,-24.329409,-51.710077,9.502348,2.260547403
3,59.268165,-59.252083,-24.330574,-51.744539,9.504325,2.254697284
3,59.318180,-59.302085,-24.331739,-51.779000,9.506302,2.248847165
3,59.368196,-59.352087,-24.332904,-51.813462,9.508280,2.242997046
3,59.418211,-59.402089,-24.334069,-51.847923,9.510257,2.237146928
3,59.468226,-59.452090,-24.335234,-51.882384,9.512234,2.231296809
3,59.518242,-59.502092,-24.336399,-51.916846,9.514211,2.225446690
3,59.568257,-59.552094,-24.337564,-51.951307,9.516189,2.219596572
3,59.618272,-59.602096,-24.338729,-51.985769,9.518166,2.213746453
3,59.668288,-59.652097,-24.339894,-52.020230,9.520143,2.207896334
3,59.718303,-59.702099,-24.341059,-52.054691,9.522120,2.202046215
3,59.768318,-59.752101,-24.342224,-52.089153,9.524098,2.196196097
3,59.818334,-59.802103,-24.343389,-52.123614,9.526075,2.190345978
3,59.868349,-59.852104,-24.344554,-52.158076,9.528052,2.184495859
3,59.918364,-59.902106,-24.345719,-52.192537,9.530030,2.178645740
3,59.968379,-59.952108,-24.346884,-52.226998,9.532007,2.172795622
3,60.018395,-60.002110,-24.348049,-52.261460,9.533984,2.166945503
3,60.068410,-60.052112,-24.349214,-52.295921,9.535961,2.161095384
3,60.118425,-60.102113,-24.350379,-52.330415,9.537162,2.155643787
3,60.168441,-60.152115,-24.351544,-52.365052,9.534880,2.151980776
3,60.218456,-60.202117,-24.352709,-52.400862,9.536615,2.148985103
3,60.268471,-60.252119,-24.353874,-52.439174,9.546920,2.147413196
3,60.318487,-60.302120,-24.355039,-52.477486,9.557226,2.145841288
3,60.368502,-60.352122,-24.356204,-52.515798,9.567531,2.144269381
3,60.418517,-60.402124,-24.357369,-52.554111,9.577837,2.142697474
3,60.468533,-60.452126,-24.358535,-52.592423,9.588142,2.141125567
3,60.518548,-60.502127,-24.359700,-52.630735,9.598448,2.139553660
3,60.568563,-60.552129,-24.360865,-52.669047,9.608753,2.137981753
3,60.618579,-60.602131,-24.362030,-52.707359,9.619059,2.136409846
3,60.668594,-60.652133,-24.363195,-52.745671,9.629365,2.134837938
3,60.718609,-60.702134,-24.364360,-52.783983,9.639670,2.133266031
3,60.768625,-60.752136,-24.365525,-52.822295,9.649976,2.131694124
3,60.818640,-60.802138,-24.366690,-52.860607,9.660281,2.130122217
3,60.868655,-60.852140,-24.367855,-52.898919,9.670587,2.128550310
3,60.918671,-60.902141,-24.369020,-52.937231,9.680892,2.126978403
3,60.968686,-60.952143,-24.370185,-52.975543,9.691198,2.125406496
3,61.018701,-61.002145,-24.371350,-53.013855,9.701503,2.123834588
3,61.068717,-61.052147,-24.372515,-53.052167,9.711809,2.122262681
3,61.118732,-61.102148,-24.373680,-53.090479,9.722114,2.120690774
3,61.168747,-61.152150,-24.374845,-53.128791,9.732420,2.119118867
3,61.218763,-61.202152,-24.376010,-53.167103,9.742725,2.117546960
3,61.268778,-61.252154,-24.377175,-53.205415,9.753031,2.115975053
3,61.318793,-61.302155,-24.378340,-53.243727,9.763336,2.114403145
3,61.368809,-61.352157,-24.379505,-53.282039,9.773642,2.112831238
3,61.418824,-61.402159,-24.380670,-53.320351,9.783947,2.111259331
3,61.468839,-61.452161,-24.381835,-53.358663,9.794253,2.109687424
3,61.518855,-61.502163,-24.383000,-53.396975,9.804558,2.108115517
3,61.568870,-61.552164,-24.384165,-53.435287,9.814864,2.106543610
3,61.618885,-61.602166,-24.385330,-53.473599,9.825169,2.104971703
3,61.668901,-61.652168,-24.386496,-53.511911,9.835475,2.103399795
3,61.718916,-61.702170,-24.387661,-53.550224,9.845781,2.101827888
3,61.768931,-61.752171,-24.388826,-53.588536,9.856086,2.100255981
3,61.818947,-61.802173,-24.389991,-53.626848,9.866392,2.098684074
3,61.868962,-61.852175,-24.391156,-53.665160,9.876697,2.097112167
