path_position_mm,maximum_principal_stretch
0.190236,2.020432
0.573929,2.058335
1.465798,2.044230
2.266274,2.096330
3.066750,2.162626
3.868014,2.200576
23.934284,1.970285
24.651245,1.852026
25.546266,1.729082
26.261652,1.653413
27.242551,1.634576
27.958725,1.544734
28.763929,1.459624
29.567556,1.407639
30.371184,1.360363
31.263053,1.341504
32.155710,1.313179
32.781279,1.265904
33.673936,1.247067
34.475988,1.228184
35.191375,1.162003
36.083244,1.152607
36.975113,1.129015
57.621255,2.403553
58.515487,2.304247
59.230086,2.252262
60.034502,2.171861
60.927946,2.138828
61.819816,2.110504
