mode,stretch,I1,I2,dW_dI1,dW_dI2,stress_target,stress_prediction
UT,1,3,3,0.1343596499917524,0.032242949155867499,0,0
UT,1.0499999523162842,3.0072617530822754,3.0070295333862305,0.13435940805873337,0.032193628197438359,0.047600001096725464,0.0471859502144037
UT,1.1100000143051147,3.0339016914367676,3.0316228866577148,0.13437364759108281,0.032012692922271269,0.099100001156330109,0.097398750815751875
UT,1.1799999475479126,3.0873153209686279,3.0781846046447754,0.13445406848191613,0.031649913938760967,0.14409999549388885,0.1489595265980859
UT,1.2699999809265137,3.1877031326293945,3.160001277923584,0.13476377466494258,0.030968091928343315,0.19689999520778656,0.20689212251272565
UT,1.3600000143051147,3.3201882839202881,3.2606573104858398,0.13546179165614167,0.030068268625999661,0.24259999394416809,0.25820895401132959
UT,1.4600000381469727,3.5014631748199463,3.3891315460205078,0.13692134171773862,0.028837071247486135,0.30140000581741333,0.31048432844401275
UT,1.559999942779541,3.7156507968902588,3.5309133529663086,0.13937166254549399,0.027382334535224172,0.34619998931884766,0.36063937072817037
UT,1.6599999666213989,3.9604191780090332,3.6828975677490234,0.14311233591298145,0.025719896964963837,0.39759999513626099,0.41145715212196482
UT,1.7599999904632568,4.2339634895324707,3.8428304195404053,0.14846109143351743,0.023862016716996309,0.44319999217987061,0.46569766044768041
UT,1.8500000238418579,4.5035810470581055,3.9921841621398926,0.154926487815464,0.022030806512542078,0.4918999969959259,0.51979654867664882
UT,1.9299999475479126,4.7611689567565918,4.1284632682800293,0.16220146711974104,0.020281300237383955,0.54919999837875366,0.57392759733641541
UT,1.9900000095367432,4.9651250839233398,4.2325191497802734,0.16871884404418552,0.018896054614820211,0.59299999475479126,0.61928813857513898
UT,2.0399999618530273,5.1419920921325684,4.3202924728393555,0.1749103323605859,0.017694795048357317,0.64709997177124023,0.66079600377042524
UT,2.0899999141693115,5.3250374794006348,4.4089322090148926,0.18184460950641981,0.016451572670260928,0.69379997253417969,0.70614918256544901
UT,2.1400001049041748,5.5141792297363281,4.4983596801757812,0.18957116580946226,0.015166944523334239,0.74769997596740723,0.75581394191246964
UT,2.1700000762939453,5.630558967590332,4.5523638725280762,0.19460838224270646,0.014376507262846491,0.79720002412796021,0.78788399869642656
PS,1,3,3,0.1343596499917524,0.032242949155867499,0,0
PS,1.0199999809265137,3.0015687942504883,3.0015687942504883,0.13435918764267341,0.032232294092945979,0.048999998718500137,0.025880850803177688
PS,1.0499999523162842,3.0095295906066895,3.0095293521881104,0.13435743216915808,0.0321782253162059,0.095200002193450928,0.062005300774473887
PS,1.1000000238418579,3.0364463329315186,3.0364463329315186,0.13435877930596996,0.031995410021578047,0.15449999272823334,0.11601051143922948
PS,1.1499999761581421,3.078643798828125,3.078643798828125,0.13438354016232798,0.031708809880025217,0.20000000298023224,0.16359555112157897
PS,1.2200000286102295,3.1602623462677002,3.1602625846862793,0.13450990249151043,0.031154466467393897,0.24590000510215759,0.22175606462424513
PS,1.2899999618530273,3.2650253772735596,3.2650253772735596,0.13482372099933582,0.030442928490460607,0.30230000615119934,0.27241439203763307
PS,1.3799999952316284,3.429499626159668,3.429499626159668,0.13566026006276283,0.029325839063146324,0.34779998660087585,0.32980487341982512
PS,1.4800000190734863,3.6469378471374512,3.6469378471374512,0.13741101143830473,0.02784902467187645,0.3986000120639801,0.38721373962949818
PS,1.5700000524520874,3.870596170425415,3.870596170425415,0.13997790803130167,0.026329964089640064,0.45219999551773071,0.43625714740206323
PS,1.6599999666213989,4.118497371673584,4.118497371673584,0.14373077537546913,0.024646248779746169,0.5,0.48539293382005833
PS,1.75,4.3890304565429688,4.389030933380127,0.14891533341174451,0.02280882042307026,0.54860001802444458,0.53695088917737266
PS,1.8300000429153442,4.6475052833557129,4.6475052833557129,0.15493056972671146,0.021053290312947386,0.60110002756118774,0.5866695253863542
PS,1.8999999761581421,4.8870081901550293,4.8870081901550293,0.16143040574513068,0.019426615214514081,0.6525999903678894,0.6345209871714208
PS,1.9700000286102295,5.1385726928710938,5.1385722160339355,0.16921684238900958,0.017718019199181097,0.7005000114440918,0.68762193086708512
PS,2.0199999809265137,5.3254737854003906,5.3254737854003906,0.1756381538667916,0.01644860933209278,0.74750000238418579,0.72942113469862535
PS,2.0699999332427979,5.5182771682739258,5.5182771682739258,0.18283072004009182,0.015139111814900325,0.80190002918243408,0.77495571168302024
ET,1,3,3,0.1343596499917524,0.032242949155867499,0,0
ET,1.0499999523162842,3.0277023315429688,3.0295648574829102,0.13434445721477112,0.03205479823322651,0.095200002193450928,0.090433078539633824
ET,1.1000000238418579,3.1030135154724121,3.116992712020874,0.13431549160945749,0.031543293679195325,0.1817999929189682,0.16526577000196108
ET,1.1799999475479126,3.3005886077880859,3.3751463890075684,0.13446261411554067,0.030201387282168313,0.27120000123977661,0.26226271331011747
ET,1.2300000190734863,3.4626975059509277,3.610830545425415,0.13487396395181706,0.029100363034070511,0.33329999446868896,0.31300285491167062
ET,1.3400000333786011,3.9013564586639404,4.3380131721496582,0.13742598895197919,0.026121043890854474,0.40299999713897705,0.40867201245797252
ET,1.440000057220459,4.379767894744873,5.2643232345581055,0.14271124086136167,0.022871730635000535,0.47920000553131104,0.48618094383102967
ET,1.5399999618530273,4.9209938049316406,6.4677982330322266,0.15191919977496671,0.01919578898363087,0.53899997472763062,0.56253722408361273
ET,1.6799999475479126,5.7703342437744141,8.6745576858520508,0.17337931750316693,0.013427170304127233,0.64880001544952393,0.67831354693729351
ET,1.7699999809265137,6.3676843643188477,10.453448295593262,0.19364211247532084,0.0093700397284638623,0.74010002613067627,0.76373893825798655
ET,1.7999999523162842,6.5752592086791992,11.114883422851562,0.20168671610888833,0.0079602162115197383,0.77219998836517334,0.79484288023060035
ET,1.8400000333786011,6.8584427833557129,12.053024291992188,0.21349769118609793,0.0060368672410723856,0.82609999179840088,0.83870098865498721
ET,1.9500000476837158,7.674161434173584,14.984978675842285,0.25292063098774087,0.00049660372466804603,1.0103000402450562,0.97568027400445489
